quantidade_cidades,iteracao,execucao,algoritmo,seed,custo,tempo_ms,reaquecimentos
16,1,1,Hill Climbing,2096804712593481934,7876,0.9548999951221049,0
16,1,1,Simulated Annealing,2921580012919480942,7287,8.790799998678267,0
16,1,1,SA com Reaquecimento,7354398262316660715,7271,10.594399995170534,0
16,1,2,Hill Climbing,6237348419996972167,6838,2.9916000203229487,0
16,1,2,Simulated Annealing,3607348892368485766,7411,9.413499967195094,0
16,1,2,SA com Reaquecimento,3069666675758614433,7047,8.34310002392158,0
16,1,3,Hill Climbing,5518424227241521869,7151,1.229399989824742,0
16,1,3,Simulated Annealing,1722318865822139695,7975,12.07339996472001,0
16,1,3,SA com Reaquecimento,6205079283989499669,7482,13.089200016111135,0
16,1,4,Hill Climbing,8686598211760444926,7726,2.069600042887032,0
16,1,4,Simulated Annealing,2289662582583415919,7122,23.68940005544573,0
16,1,4,SA com Reaquecimento,8751883882117978950,7753,13.66629998665303,0
16,1,5,Hill Climbing,6154179266868175337,6990,2.3489000159315765,0
16,1,5,Simulated Annealing,884502337550833957,7156,48.453699972014874,0
16,1,5,SA com Reaquecimento,4075251621705454482,6865,19.867700000759214,0
16,1,6,Hill Climbing,8176334099158704264,7564,3.1147999688982964,0
16,1,6,Simulated Annealing,6432873107818339122,8521,19.96629999484867,0
16,1,6,SA com Reaquecimento,3011180685256163041,7188,15.868899994529784,0
16,1,7,Hill Climbing,6769292498718720008,7261,1.8265999970026314,0
16,1,7,Simulated Annealing,2030386593312507732,7892,12.32099998742342,0
16,1,7,SA com Reaquecimento,752577071074804831,7435,14.143499953206629,0
16,1,8,Hill Climbing,1474776615771680158,6976,3.329400031361729,0
16,1,8,Simulated Annealing,3136870535640366890,7042,15.690499974880368,0
16,1,8,SA com Reaquecimento,4290649525591782890,7347,11.66319998446852,0
16,1,9,Hill Climbing,2457300262367192487,6986,1.9114000024273992,0
16,1,9,Simulated Annealing,7524209267674325264,7000,9.644299978390336,0
16,1,9,SA com Reaquecimento,1782826065053645553,7370,9.53710003523156,0
16,1,10,Hill Climbing,1194141456850210539,8103,1.4052999904379249,0
16,1,10,Simulated Annealing,845458106164803438,7108,13.523900008294731,0
16,1,10,SA com Reaquecimento,5520815479392667773,7326,9.46000003023073,0
15,2,1,Hill Climbing,7883602579531162644,8039,0.9442999726161361,0
15,2,1,Simulated Annealing,5548976537415642906,6908,12.122299987822771,0
15,2,1,SA com Reaquecimento,8596075388775741155,7063,15.213600010611117,0
15,2,2,Hill Climbing,6684928138729682877,6722,1.4528000028803945,0
15,2,2,Simulated Annealing,7937184957123832259,6884,9.680600021965802,0
15,2,2,SA com Reaquecimento,8571628291841865257,7356,12.447400018572807,0
15,2,3,Hill Climbing,5037676763091484255,7177,2.3010000004433095,0
15,2,3,Simulated Annealing,8648506547613410990,7085,13.735799991991371,0
15,2,3,SA com Reaquecimento,4565457925103375788,6769,9.937399998307228,0
15,2,4,Hill Climbing,2525111915818890290,7255,1.5666999970562756,0
15,2,4,Simulated Annealing,4166923097369101572,6724,11.77590002771467,0
15,2,4,SA com Reaquecimento,6133901409503233921,8088,11.42310001887381,0
15,2,5,Hill Climbing,3051930155318690652,6724,1.5864000306464732,0
15,2,5,Simulated Annealing,8332892422979517313,7276,8.251299965195358,0
15,2,5,SA com Reaquecimento,2371090759643090596,7455,8.716000011190772,0
15,2,6,Hill Climbing,3134363186445868480,6805,1.709400035906583,0
15,2,6,Simulated Annealing,2387501198687998553,7049,8.420700032729656,0
15,2,6,SA com Reaquecimento,3278415123716589892,6974,8.70139995822683,0
15,2,7,Hill Climbing,46322852366346814,7280,0.6540999747812748,0
15,2,7,Simulated Annealing,5797853574288821617,7072,8.491999993566424,0
15,2,7,SA com Reaquecimento,2604520767356179529,7703,8.45110003137961,0
15,2,8,Hill Climbing,627998091277169924,6750,1.5035999822430313,0
15,2,8,Simulated Annealing,5689243140348231173,6819,8.485900005325675,0
15,2,8,SA com Reaquecimento,1626323251843150894,7078,8.370800002012402,0
15,2,9,Hill Climbing,2807487339024487223,6933,1.1933999485336244,0
15,2,9,Simulated Annealing,4066463082852867773,7103,8.584700000938028,0
15,2,9,SA com Reaquecimento,1385372072427839292,6844,8.271500002592802,0
15,2,10,Hill Climbing,2010038981805755366,7682,1.2575999717228115,0
15,2,10,Simulated Annealing,4374950792121625601,7590,8.446099993307143,0
15,2,10,SA com Reaquecimento,4393727177184391105,6960,8.56669998029247,0
14,3,1,Hill Climbing,2354102955119403467,6452,0.963500002399087,0
14,3,1,Simulated Annealing,2744555173375899690,6810,8.325900009367615,0
14,3,1,SA com Reaquecimento,2573939869295897553,6758,8.390600036364049,0
14,3,2,Hill Climbing,2403419021877873443,7560,0.8637999999336898,0
14,3,2,Simulated Annealing,4452689775492681432,7521,8.391299983486533,0
14,3,2,SA com Reaquecimento,1955161516283945129,6963,8.68359999731183,0
14,3,3,Hill Climbing,4571385385963771658,7350,1.2687999987974763,0
14,3,3,Simulated Annealing,2271359826426008230,7603,8.47040000371635,0
14,3,3,SA com Reaquecimento,7733637450151439380,6727,8.51019995752722,0
14,3,4,Hill Climbing,1661411447664696573,6605,0.8152000373229384,0
14,3,4,Simulated Annealing,7951988230504706457,6574,8.757399977184832,0
14,3,4,SA com Reaquecimento,1644522113771832820,6720,8.50900000659749,0
14,3,5,Hill Climbing,6922429699773347401,6790,1.0318999993614852,0
14,3,5,Simulated Annealing,5636590843842233606,7900,8.585400006268173,0
14,3,5,SA com Reaquecimento,1929114700527901123,7650,8.289200020954013,0
14,3,6,Hill Climbing,7008586040572194795,6728,0.8508000173605978,0
14,3,6,Simulated Annealing,2299022966938807366,7698,8.633599965833127,0
14,3,6,SA com Reaquecimento,789259919950050947,6712,8.285499992780387,0
14,3,7,Hill Climbing,5700567089818797457,7448,1.0181000106967986,0
14,3,7,Simulated Annealing,4952658689120222766,6876,8.421699982136488,0
14,3,7,SA com Reaquecimento,5852475924860400122,6904,8.553099993150681,0
14,3,8,Hill Climbing,1608317278055626192,7626,1.2414000229910016,0
14,3,8,Simulated Annealing,2288913416282334675,6771,8.362900000065565,0
14,3,8,SA com Reaquecimento,6316377166718462283,6862,8.47780000185594,0
14,3,9,Hill Climbing,745909280605032082,7769,0.9459999855607748,0
14,3,9,Simulated Annealing,8071129379403874352,6631,8.395100012421608,0
14,3,9,SA com Reaquecimento,3954007771052713202,6816,8.882599999196827,0
14,3,10,Hill Climbing,5703679729581483059,6728,0.9626999963074923,0
14,3,10,Simulated Annealing,2887888551886351163,6574,8.459800039418042,0
14,3,10,SA com Reaquecimento,1650640995143923563,6613,8.289900026284158,0
13,4,1,Hill Climbing,89578567926938295,7032,0.9403000003658235,0
13,4,1,Simulated Annealing,1937304349491711497,6563,9.355499991215765,0
13,4,1,SA com Reaquecimento,8024339932627130900,6657,8.664099965244532,0
13,4,2,Hill Climbing,8972771196052600622,7729,0.6819000118412077,0
13,4,2,Simulated Annealing,4074815144285362438,6681,9.114199958276004,0
13,4,2,SA com Reaquecimento,3493347499396540897,6594,8.559699985198677,0
13,4,3,Hill Climbing,2545162593020348621,6592,0.7891000132076442,0
13,4,3,Simulated Annealing,8910737625803443098,6569,8.848499972373247,0
13,4,3,SA com Reaquecimento,536824281881082850,6592,8.470200002193451,0
13,4,4,Hill Climbing,3769904813277060144,6700,1.141499960795045,0
13,4,4,Simulated Annealing,1555326569231169930,6691,8.6260000243783,0
13,4,4,SA com Reaquecimento,2214937993078948582,7827,8.46429995726794,0
13,4,5,Hill Climbing,7194302650640007303,7698,0.7691000355407596,0
13,4,5,Simulated Annealing,1879424348398792522,7659,8.316399995237589,0
13,4,5,SA com Reaquecimento,5091771339067322760,6707,8.499700052198023,0
13,4,6,Hill Climbing,3384923507488860125,6524,0.4121999954804778,0
13,4,6,Simulated Annealing,4678848043897819876,6880,8.329199976287782,0
13,4,6,SA com Reaquecimento,3075420850078990885,6616,14.757800032384694,0
13,4,7,Hill Climbing,2607647183179374861,6588,1.0444999788887799,0
13,4,7,Simulated Annealing,2599425720196802762,6643,9.431499987840652,0
13,4,7,SA com Reaquecimento,787503422222014839,6718,8.773599984124303,0
13,4,8,Hill Climbing,4443946599702345577,6562,0.7396000437438488,0
13,4,8,Simulated Annealing,8147400152219898554,6638,9.205600013956428,0
13,4,8,SA com Reaquecimento,8736634089549248821,7640,11.14019996020943,0
13,4,9,Hill Climbing,252570255087594833,6564,0.5553000373765826,0
13,4,9,Simulated Annealing,8464770388705587819,6718,9.170700039248914,0
13,4,9,SA com Reaquecimento,1120865947047661116,6664,9.251000010408461,0
13,4,10,Hill Climbing,6897678115432916495,7564,1.027099962811917,0
13,4,10,Simulated Annealing,8268944342681449987,6691,8.764400030486286,0
13,4,10,SA com Reaquecimento,1548879020894985176,6513,8.457900024950504,0
12,5,1,Hill Climbing,3057208587831372458,6447,0.4792999825440347,0
12,5,1,Simulated Annealing,3487879246256153754,6733,8.593100006692111,0
12,5,1,SA com Reaquecimento,3199116977224359484,6387,8.59019998461008,0
12,5,2,Hill Climbing,4761618397534293612,7844,0.5237000295892358,0
12,5,2,Simulated Annealing,82955260555435019,6387,8.60959995770827,0
12,5,2,SA com Reaquecimento,3898518331810801161,6447,8.677000005263835,0
12,5,3,Hill Climbing,8094963760306899017,6662,0.582600012421608,0
12,5,3,Simulated Annealing,806170242696520461,6847,8.505399979185313,0
12,5,3,SA com Reaquecimento,4464894368808406445,7553,9.07759997062385,0
12,5,4,Hill Climbing,4438542363711821805,6662,0.7757999701425433,0
12,5,4,Simulated Annealing,7217948000656012998,6447,8.27910000225529,0
12,5,4,SA com Reaquecimento,8896491813211957444,6767,8.46300000557676,0
12,5,5,Hill Climbing,6521813547140785009,8039,0.4878999898210168,0
12,5,5,Simulated Annealing,2524775617152308624,6468,8.318700012750924,0
12,5,5,SA com Reaquecimento,6180704277078152585,7649,8.478300005663186,0
12,5,6,Hill Climbing,3205442781501943516,6447,0.41550002060830593,0
12,5,6,Simulated Annealing,7084728803798621530,6387,8.235799963586032,0
12,5,6,SA com Reaquecimento,6232891183968930239,6690,8.357100014109164,0
12,5,7,Hill Climbing,9016141572436565298,6633,0.368500011973083,0
12,5,7,Simulated Annealing,7993986837415315219,6613,8.838100009597838,0
12,5,7,SA com Reaquecimento,425271372960310243,6774,8.514399989508092,0
12,5,8,Hill Climbing,2677763616928314668,7685,0.42150000808760524,0
12,5,8,Simulated Annealing,7954153935257956859,6610,8.597999985795468,0
12,5,8,SA com Reaquecimento,5541843110896354447,6613,8.44659999711439,0
12,5,9,Hill Climbing,3175219227756099656,6644,0.4526000120677054,0
12,5,9,Simulated Annealing,512843251932229712,6610,8.595399965997785,0
12,5,9,SA com Reaquecimento,7036258451993625675,6387,8.486100006848574,0
12,5,10,Hill Climbing,14008344362316528,6633,0.5676000146195292,0
12,5,10,Simulated Annealing,856330503620877273,7637,12.79060001252219,0
12,5,10,SA com Reaquecimento,9163458486050239671,6332,8.399799990002066,0
11,6,1,Hill Climbing,7157457316744712989,7553,0.3139000036753714,0
11,6,1,Simulated Annealing,8008385197529718869,6441,8.241300005465746,0
11,6,1,SA com Reaquecimento,4401008074839546102,6647,9.421300026588142,0
11,6,2,Hill Climbing,1557353828532219217,6384,0.2663999912329018,0
11,6,2,Simulated Annealing,4925071492164943208,6624,8.084100030828267,0
11,6,2,SA com Reaquecimento,3927605825123412589,6635,8.245399978477508,0
11,6,3,Hill Climbing,1503682622507952634,7635,0.31640002271160483,0
11,6,3,Simulated Annealing,1529950551754057925,6515,8.073699951637536,0
11,6,3,SA com Reaquecimento,2381015043845737994,6332,8.438099990598857,0
11,6,4,Hill Climbing,8698484413693402839,6487,0.360500009264797,0
11,6,4,Simulated Annealing,9101687553211529139,6384,8.363799948710948,0
11,6,4,SA com Reaquecimento,6490177134098332031,6641,8.17849999293685,0
11,6,5,Hill Climbing,6669949864729873318,6647,0.2663999912329018,0
11,6,5,Simulated Annealing,6756099792374852250,6441,8.373100019525737,0
11,6,5,SA com Reaquecimento,4772131357461126787,7618,8.289199962746352,0
11,6,6,Hill Climbing,1636468850164932883,6384,0.3703000256791711,0
11,6,6,Simulated Annealing,8094857483227403939,6332,8.642499975394458,0
11,6,6,SA com Reaquecimento,8120167788737388625,6528,8.33250000141561,0
11,6,7,Hill Climbing,6544301153381690009,6647,0.31319999834522605,0
11,6,7,Simulated Annealing,8609361158327380159,6384,8.410200010985136,0
11,6,7,SA com Reaquecimento,9038887628797166384,6515,8.25109996367246,0
11,6,8,Hill Climbing,4643744450150925276,6972,0.5763000226579607,0
11,6,8,Simulated Annealing,6987345406454836658,6487,8.367699978407472,0
11,6,8,SA com Reaquecimento,5687302046494424089,6641,8.262199989985675,0
11,6,9,Hill Climbing,1059664619073251633,6487,0.31400000443682075,0
11,6,9,Simulated Annealing,2914479311540535664,6689,8.371400006581098,0
11,6,9,SA com Reaquecimento,624734936424444684,6614,8.276799984741956,0
11,6,10,Hill Climbing,8179942824483540612,6614,0.30390004394575953,0
11,6,10,Simulated Annealing,203563499825161031,6568,8.334700018167496,0
11,6,10,SA com Reaquecimento,4955595155954078214,6528,8.358999970369041,0
10,7,1,Hill Climbing,1638182536413476734,4453,0.1996000064536929,0
10,7,1,Simulated Annealing,1355788736593976648,4389,8.06289998581633,0
10,7,1,SA com Reaquecimento,1529645339896855387,4526,8.180500008165836,0
10,7,2,Hill Climbing,8088472806676889296,4726,0.12390001211315393,0
10,7,2,Simulated Annealing,4560681929325955640,4470,8.145300031173974,0
10,7,2,SA com Reaquecimento,3144252096014844409,4453,8.310000004712492,0
10,7,3,Hill Climbing,9216083966988164868,4573,0.16769999638199806,0
10,7,3,Simulated Annealing,5035729586299997310,4491,8.051500015426427,0
10,7,3,SA com Reaquecimento,2797735821816324627,4371,8.182199962902814,0
10,7,4,Hill Climbing,3418658532937117197,5528,0.1957999775186181,0
10,7,4,Simulated Annealing,6418239104410077408,4455,8.165900013409555,0
10,7,4,SA com Reaquecimento,1109078838710273641,4470,8.192700042854995,0
10,7,5,Hill Climbing,6993356104706592747,4693,0.12390001211315393,0
10,7,5,Simulated Annealing,8151317432088370155,4453,8.087700000032783,0
10,7,5,SA com Reaquecimento,4382311314575327665,4411,8.310500008519739,0
10,7,6,Hill Climbing,4033423987370574415,4389,0.20049995509907603,0
10,7,6,Simulated Annealing,1320000797828855616,4371,8.174900023732334,0
10,7,6,SA com Reaquecimento,3899109125013660864,4371,8.574299979954958,0
10,7,7,Hill Climbing,7050453446581563483,4371,0.20359997870400548,0
10,7,7,Simulated Annealing,3818321913955012712,4389,8.07189999613911,0
10,7,7,SA com Reaquecimento,5717853960934943275,4636,8.232199994381517,0
10,7,8,Hill Climbing,403794442707640071,4389,0.20130001939833164,0
10,7,8,Simulated Annealing,2026608868098945452,4453,8.205799967981875,0
10,7,8,SA com Reaquecimento,1879988063897910930,4371,8.475500042550266,0
10,7,9,Hill Climbing,9049728250419288055,4389,0.2835000050254166,0
10,7,9,Simulated Annealing,410900134953409761,4455,8.163999998942018,0
10,7,9,SA com Reaquecimento,1985962600554584346,4371,8.55179998325184,0
10,7,10,Hill Climbing,289606816412789333,5427,0.20369997946545482,0
10,7,10,Simulated Annealing,5898671557032642964,4453,8.837200002744794,0
10,7,10,SA com Reaquecimento,6024433803715642813,4371,8.170800050720572,0
9,8,1,Hill Climbing,3186873355097408098,4412,0.18279999494552612,0
9,8,1,Simulated Annealing,335311306836455959,4387,8.146299980580807,0
9,8,1,SA com Reaquecimento,4012263167552192600,4455,8.02140001906082,0
9,8,2,Hill Climbing,1580227729795668253,4388,0.15049998182803392,0
9,8,2,Simulated Annealing,3935836381298719173,4432,8.278900000732392,0
9,8,2,SA com Reaquecimento,3438567659066936387,4387,8.072700002230704,0
9,8,3,Hill Climbing,2039161533553098949,4369,0.13529998250305653,0
9,8,3,Simulated Annealing,7762767557079792838,4412,8.30440002027899,0
9,8,3,SA com Reaquecimento,6388246280376196493,4388,8.21989995893091,0
9,8,4,Hill Climbing,4340935713528667030,4542,0.17950002802535892,0
9,8,4,Simulated Annealing,3686446340408564473,4412,8.281200018245727,0
9,8,4,SA com Reaquecimento,1005715440904023689,4369,8.084000030066818,0
9,8,5,Hill Climbing,5562048915288280358,4412,0.14970003394410014,0
9,8,5,Simulated Annealing,4649980989014630726,4369,8.29089997569099,0
9,8,5,SA com Reaquecimento,8350666406160085048,4461,8.07189999613911,0
9,8,6,Hill Climbing,8936616650904481251,4369,0.14600000577047467,0
9,8,6,Simulated Annealing,7467198568741574096,4388,11.482000001706183,0
9,8,6,SA com Reaquecimento,7993862069814050595,4388,9.361599979456514,0
9,8,7,Hill Climbing,4572853098014363562,4427,0.12400001287460327,0
9,8,7,Simulated Annealing,3447532346983786278,4388,8.04499996593222,0
9,8,7,SA com Reaquecimento,4417904759079023529,4387,8.699700003489852,0
9,8,8,Hill Climbing,4899847913165244198,4388,0.12090004747733474,0
9,8,8,Simulated Annealing,7541921749086135745,4412,8.619299973361194,0
9,8,8,SA com Reaquecimento,1392787849817971990,4369,8.195399946998805,0
9,8,9,Hill Climbing,5539178118472083616,4542,0.17499999376013875,0
9,8,9,Simulated Annealing,8356280829876417179,4369,8.044600021094084,0
9,8,9,SA com Reaquecimento,2051868406261747813,4369,8.067099959589541,0
9,8,10,Hill Climbing,2655069889200457897,4369,0.1743000466376543,0
9,8,10,Simulated Annealing,7768058592288607352,4369,8.108299982268363,0
9,8,10,SA com Reaquecimento,6012420102414260196,4409,8.186799997929484,0
8,9,1,Hill Climbing,8904842352233146821,3645,0.06669998401775956,0
8,9,1,Simulated Annealing,5922177169959218180,3578,8.012200007215142,0
8,9,1,SA com Reaquecimento,8756050454879240585,3578,8.021900022868067,0
8,9,2,Hill Climbing,7626330275132584825,3617,0.0874000252224505,0
8,9,2,Simulated Annealing,6222713826398057062,3602,7.954399974551052,0
8,9,2,SA com Reaquecimento,1752327687790074731,3578,8.046399976592511,0
8,9,3,Hill Climbing,1969496022330019091,3578,0.08709996473044157,0
8,9,3,Simulated Annealing,7960044111843222135,3578,8.131299982778728,0
8,9,3,SA com Reaquecimento,3079904659177244965,3578,8.054800040554255,0
8,9,4,Hill Climbing,6331252601653495582,3617,0.089899986051023,0
8,9,4,Simulated Annealing,4015632230904658380,3578,8.122399973217398,0
8,9,4,SA com Reaquecimento,4236744504672753585,3578,7.956099987495691,0
8,9,5,Hill Climbing,97537528503700327,3617,0.152299995534122,0
8,9,5,Simulated Annealing,7584585843044409932,3578,8.064099994953722,0
8,9,5,SA com Reaquecimento,2872614279116385131,3578,8.052800025325269,0
8,9,6,Hill Climbing,3109507242810799538,3578,0.06779999239370227,0
8,9,6,Simulated Annealing,660410973722002709,3602,8.180900011211634,0
8,9,6,SA com Reaquecimento,5761167910857826977,3578,7.948499987833202,0
8,9,7,Hill Climbing,7181429535911925176,3617,0.0659999786876142,0
8,9,7,Simulated Annealing,4713523688231467623,3578,8.11459997203201,0
8,9,7,SA com Reaquecimento,4406095977348266418,3578,8.011900004930794,0
8,9,8,Hill Climbing,7121431271998003834,3645,0.06689998554065824,0
8,9,8,Simulated Annealing,892112275238499323,3617,8.366300025954843,0
8,9,8,SA com Reaquecimento,4989091071916798478,3578,8.105200016871095,0
8,9,9,Hill Climbing,6907232582767252338,3800,0.08889997843652964,0
8,9,9,Simulated Annealing,3378592275837259167,3578,8.107999979984015,0
8,9,9,SA com Reaquecimento,8080877335967892577,3578,7.998200017027557,0
8,9,10,Hill Climbing,4213376334938505978,3617,0.089599983766675,0
8,9,10,Simulated Annealing,1068955562921059727,3602,8.310100005473942,0
8,9,10,SA com Reaquecimento,9010222804212668436,3578,8.013300015591085,0
7,10,1,Hill Climbing,4204942071324134853,3507,0.06210000719875097,0
7,10,1,Simulated Annealing,6943254198335340991,3507,8.434099960140884,0
7,10,1,SA com Reaquecimento,721758430222372229,3507,7.952000014483929,0
7,10,2,Hill Climbing,7460236331201955470,3781,0.03379996633157134,0
7,10,2,Simulated Annealing,1401955536847707154,3507,8.25110002188012,0
7,10,2,SA com Reaquecimento,1152518305282465268,3507,8.081600011792034,0
7,10,3,Hill Climbing,2549674862145475531,3507,0.07349997758865356,0
7,10,3,Simulated Annealing,3917234278969606184,3507,8.134300005622208,0
7,10,3,SA com Reaquecimento,4475970355007036725,3507,8.04649997735396,0
7,10,4,Hill Climbing,3950301322378795099,3507,0.07349997758865356,0
7,10,4,Simulated Annealing,318570904491794144,3507,8.265600015874952,0
7,10,4,SA com Reaquecimento,5506641432223658579,3507,8.112300012726337,0
7,10,5,Hill Climbing,6843366425151780400,3507,0.07650000043213367,0
7,10,5,Simulated Annealing,9027411165803919574,3507,8.334699959959835,0
7,10,5,SA com Reaquecimento,5111223369488163647,3507,7.993499981239438,0
7,10,6,Hill Climbing,8594969605273482834,3507,0.07850001566112041,0
7,10,6,Simulated Annealing,8780337588020463937,3507,8.916699967812747,0
7,10,6,SA com Reaquecimento,1959001314080145933,3507,8.269199985079467,0
7,10,7,Hill Climbing,612246686229693681,3507,0.06389996269717813,0
7,10,7,Simulated Annealing,1564854798529645708,3507,8.221700030844659,0
7,10,7,SA com Reaquecimento,6866186406659305446,3507,8.415099990088493,0
7,10,8,Hill Climbing,2407015118653237714,3507,0.049499969463795424,0
7,10,8,Simulated Annealing,1035215605155198058,3507,8.273700019344687,0
7,10,8,SA com Reaquecimento,8701214392892245545,3507,8.369899995159358,0
7,10,9,Hill Climbing,6304999284887625552,3781,0.03609998384490609,0
7,10,9,Simulated Annealing,8837648118014401420,3507,8.490699983667582,0
7,10,9,SA com Reaquecimento,3039191242349969860,3507,8.275300031527877,0
7,10,10,Hill Climbing,1773269707345151453,3507,0.03570003900676966,0
7,10,10,Simulated Annealing,1261653702006206511,3507,8.040899992920458,0
7,10,10,SA com Reaquecimento,8701123464710371002,3507,8.064800000283867,0
6,11,1,Hill Climbing,1514156636335323104,3472,0.033800024539232254,0
6,11,1,Simulated Annealing,7400392387873754999,3472,7.92209996143356,0
6,11,1,SA com Reaquecimento,1952431891105389806,3472,7.996400003321469,0
6,11,2,Hill Climbing,7959026103700181945,3472,0.041199964471161366,0
6,11,2,Simulated Annealing,522730711388796321,3472,7.909899984952062,0
6,11,2,SA com Reaquecimento,3517954673900292571,3472,7.978100038599223,0
6,11,3,Hill Climbing,3707159100391869830,3472,0.03379996633157134,0
6,11,3,Simulated Annealing,9004244238236742860,3472,8.033399994019419,0
6,11,3,SA com Reaquecimento,8280073165838734877,3472,8.037600026000291,0
6,11,4,Hill Climbing,3545942283516022988,3472,0.03249995643272996,0
6,11,4,Simulated Annealing,3917007768993115411,3472,7.905600010417402,0
6,11,4,SA com Reaquecimento,6596052210829539260,3472,7.957599998917431,0
6,11,5,Hill Climbing,5904013045407534175,3472,0.031800009310245514,0
6,11,5,Simulated Annealing,8247101239150300728,3472,7.934699999168515,0
6,11,5,SA com Reaquecimento,6338243833642202287,3472,8.112399955280125,0
6,11,6,Hill Climbing,4752913104254831824,3472,0.0412999652326107,0
6,11,6,Simulated Annealing,8307345925617499639,3472,7.921100012026727,0
6,11,6,SA com Reaquecimento,3052865103792675171,3472,8.015099971089512,0
6,11,7,Hill Climbing,3389095648484519166,3472,0.04050001734867692,0
6,11,7,Simulated Annealing,3241392527829705681,3472,7.8924999688752,0
6,11,7,SA com Reaquecimento,4514950372578856918,3472,8.23909998871386,0
6,11,8,Hill Climbing,320322422350412210,3472,0.04449998959898949,0
6,11,8,Simulated Annealing,4177327503213551775,3472,7.885799976065755,0
6,11,8,SA com Reaquecimento,2920281631791950221,3472,8.113800024148077,0
6,11,9,Hill Climbing,2242986103812470028,3472,0.02600002335384488,0
6,11,9,Simulated Annealing,2282110730416519369,3472,8.345999987795949,0
6,11,9,SA com Reaquecimento,7356046329123861480,3472,7.9598999582231045,0
6,11,10,Hill Climbing,3556449848096790262,3472,0.04350004019215703,0
6,11,10,Simulated Annealing,9045765465244227510,3472,8.084499975666404,0
6,11,10,SA com Reaquecimento,3806963885264705064,3472,8.042500005103648,0
5,12,1,Hill Climbing,6435214600122764549,3277,0.01610000617802143,0
5,12,1,Simulated Annealing,2816565834566555844,3277,7.973200001288205,0
5,12,1,SA com Reaquecimento,7623079174480409850,3277,7.799600018188357,0
5,12,2,Hill Climbing,1965223239066290539,3277,0.009699957445263863,0
5,12,2,Simulated Annealing,2538152669162368365,3277,8.050700009334832,0
5,12,2,SA com Reaquecimento,2698005565051500842,3277,7.8588000033050776,0
5,12,3,Hill Climbing,1193099680171147106,3277,0.015700003132224083,0
5,12,3,Simulated Annealing,6923021746126856639,3277,7.955599983688444,0
5,12,3,SA com Reaquecimento,3980030302517978964,3277,7.763100031297654,0
5,12,4,Hill Climbing,1161639514191352801,3277,0.015300000086426735,0
5,12,4,Simulated Annealing,4945698193862663142,3277,7.87190004484728,0
5,12,4,SA com Reaquecimento,4503977523732720397,3277,7.851999951526523,0
5,12,5,Hill Climbing,4660114486462712118,3277,0.02069998299703002,0
5,12,5,Simulated Annealing,6571648994673237919,3277,8.115499978885055,0
5,12,5,SA com Reaquecimento,613646063134120395,3277,7.706100004725158,0
5,12,6,Hill Climbing,4537364300997116202,3277,0.0219999928958714,0
5,12,6,Simulated Annealing,475967211889366079,3277,7.918899995274842,0
5,12,6,SA com Reaquecimento,9002859033674351984,3277,7.886099978350103,0
5,12,7,Hill Climbing,6086496213742700503,3277,0.021099986042827368,0
5,12,7,Simulated Annealing,1560458706938097379,3277,8.252699975855649,0
5,12,7,SA com Reaquecimento,8481475621721690145,3277,8.317400002852082,0
5,12,8,Hill Climbing,1613988338646591870,3277,0.01810002140700817,0
5,12,8,Simulated Annealing,3270504850902010122,3277,8.238399983383715,0
5,12,8,SA com Reaquecimento,437999377343861538,3277,8.02300003124401,0
5,12,9,Hill Climbing,3424310233525948763,3277,0.02269999822601676,0
5,12,9,Simulated Annealing,6746056961973356433,3277,8.290300029329956,0
5,12,9,SA com Reaquecimento,1124053939547552684,3277,7.9956999979913235,0
5,12,10,Hill Climbing,7166417750293865982,3277,0.022299995180219412,0
5,12,10,Simulated Annealing,3939137966789202060,3277,8.170799992512912,0
5,12,10,SA com Reaquecimento,7400168834112738578,3277,7.80510000186041,0
4,13,1,Hill Climbing,1604197049365553269,1413,0.00890000956133008,0
4,13,1,Simulated Annealing,8322679700464953173,1413,8.403999963775277,0
4,13,1,SA com Reaquecimento,6707810839317594197,1413,7.972299994435161,0
4,13,2,Hill Climbing,444762106770460901,1413,0.008600007276982069,0
4,13,2,Simulated Annealing,4420286713632955243,1413,8.107899979222566,0
4,13,2,SA com Reaquecimento,604417399557497024,1413,7.841499987989664,0
4,13,3,Hill Climbing,6663515106454248508,1413,0.007399998139590025,0
4,13,3,Simulated Annealing,3350497191399898011,1413,8.006099960766733,0
4,13,3,SA com Reaquecimento,7140308551137436752,1413,7.868700020480901,0
4,13,4,Hill Climbing,8139942180337235728,1413,0.01109996810555458,0
4,13,4,Simulated Annealing,1626679063361571371,1413,8.073500008322299,0
4,13,4,SA com Reaquecimento,7474394005059449920,1413,7.947599980980158,0
4,13,5,Hill Climbing,3558032294537900018,1413,0.007299997378140688,0
4,13,5,Simulated Annealing,3525910432180991651,1413,8.524900011252612,0
4,13,5,SA com Reaquecimento,6035073572136193818,1413,7.935200002975762,0
4,13,6,Hill Climbing,8984734055053470151,1413,0.016000005416572094,0
4,13,6,Simulated Annealing,6294839529282170307,1413,8.05839995155111,0
4,13,6,SA com Reaquecimento,2038962553570459620,1413,8.149600005708635,0
4,13,7,Hill Climbing,4031414388443453,1413,0.012300035450607538,0
4,13,7,Simulated Annealing,1027426199249882738,1413,8.334199956152588,0
4,13,7,SA com Reaquecimento,2718024765402349922,1413,8.283600036520511,0
4,13,8,Hill Climbing,635770850914744514,1413,0.009000010322779417,0
4,13,8,Simulated Annealing,611577868064066736,1413,7.875500014051795,0
4,13,8,SA com Reaquecimento,8728466484511858763,1413,7.721599948126823,0
4,13,9,Hill Climbing,1398916880063580649,1413,0.011499971151351929,0
4,13,9,Simulated Annealing,3079904928205769711,1413,7.615000009536743,0
4,13,9,SA com Reaquecimento,8908182835008043189,1413,7.591100002173334,0
4,13,10,Hill Climbing,4922488915384844415,1413,0.009500014130026102,0
4,13,10,Simulated Annealing,6388880664907040727,1413,8.286299998871982,0
4,13,10,SA com Reaquecimento,2652611227608259178,1413,7.7247999724932015,0
3,14,1,Hill Climbing,6143320324534885119,1136,0.007299997378140688,0
3,14,1,Simulated Annealing,1503928034734998467,1136,7.824999978765845,0
3,14,1,SA com Reaquecimento,3192110287606133722,1136,7.617499970365316,0
3,14,2,Hill Climbing,8362016378155643364,1136,0.006099988240748644,0
3,14,2,Simulated Annealing,6728930548641476530,1136,8.139499987009913,0
3,14,2,SA com Reaquecimento,4263257059321355469,1136,7.906000013463199,0
3,14,3,Hill Climbing,4223286778701205995,1136,0.006599992047995329,0
3,14,3,Simulated Annealing,6846412915265845333,1136,7.982800016179681,0
3,14,3,SA com Reaquecimento,3669537745858254282,1136,7.8631999786011875,0
3,14,4,Hill Climbing,3989114740092724010,1136,0.00589998671784997,0
3,14,4,Simulated Annealing,5236204763414066244,1136,8.084800036158413,0
3,14,4,SA com Reaquecimento,5162773244724442254,1136,8.168800035491586,0
3,14,5,Hill Climbing,4246789560240847885,1136,0.005599984433501959,0
3,14,5,Simulated Annealing,5575489641057254407,1136,7.892000023275614,0
3,14,5,SA com Reaquecimento,1382265647427371041,1136,7.96799996169284,0
3,14,6,Hill Climbing,6815210806789998958,1136,0.005499983672052622,0
3,14,6,Simulated Annealing,1499298740144672790,1136,8.25250003254041,0
3,14,6,SA com Reaquecimento,7457963713469753475,1136,8.258899964857846,0
3,14,7,Hill Climbing,5282269699236106016,1136,0.007099995855242014,0
3,14,7,Simulated Annealing,8631415676248377470,1136,8.171599998604506,0
3,14,7,SA com Reaquecimento,3849431096282397051,1136,8.212899963837117,0
3,14,8,Hill Climbing,6072393644989380817,1136,0.006399990525096655,0
3,14,8,Simulated Annealing,677549402002956986,1136,8.213200024329126,0
3,14,8,SA com Reaquecimento,2798650435611418599,1136,8.309800003189594,0
3,14,9,Hill Climbing,1496136007638302953,1136,0.006099988240748644,0
3,14,9,Simulated Annealing,6165714680843978272,1136,8.085599984042346,0
3,14,9,SA com Reaquecimento,1116901876671059986,1136,8.436900039669126,0
3,14,10,Hill Climbing,4597749204493405932,1136,0.006699992809444666,0
3,14,10,Simulated Annealing,2330489341995172754,1136,7.654300017748028,0
3,14,10,SA com Reaquecimento,1548012334335098877,1136,7.95619998825714,0
2,15,1,Hill Climbing,7501802740152427825,1018,0.001900014467537403,0
2,15,1,Simulated Annealing,2248865100304044567,1018,0.001100008375942707,0
2,15,1,SA com Reaquecimento,736692076062362280,1018,0.0010999501682817936,0
2,15,2,Hill Climbing,3619452253506329597,1018,0.001300009898841381,0
2,15,2,Simulated Annealing,1943526634260334260,1018,0.000900006853044033,0
2,15,2,SA com Reaquecimento,6585660887537455620,1018,0.000800006091594696,0
2,15,3,Hill Climbing,5706486622400436682,1018,0.001100008375942707,0
2,15,3,Simulated Annealing,8752433893270776024,1018,0.000800006091594696,0
2,15,3,SA com Reaquecimento,7852246606955785360,1018,0.0008999486453831196,0
2,15,4,Hill Climbing,2823312053124411768,1018,0.001100008375942707,0
2,15,4,Simulated Annealing,7941154477507502967,1018,0.000700005330145359,0
2,15,4,SA com Reaquecimento,2333415165277138192,1018,0.000800006091594696,0
2,15,5,Hill Climbing,7871695385331950267,1018,0.001200009137392044,0
2,15,5,Simulated Annealing,1337401315770402563,1018,0.000700005330145359,0
2,15,5,SA com Reaquecimento,8565064278285881311,1018,0.000700005330145359,0
2,15,6,Hill Climbing,5206105319515334418,1018,0.00100000761449337,0
2,15,6,Simulated Annealing,4219326658582703562,1018,0.000700005330145359,0
2,15,6,SA com Reaquecimento,3716522470823253192,1018,0.000700005330145359,0
2,15,7,Hill Climbing,3481566373460864650,1018,0.00100000761449337,0
2,15,7,Simulated Annealing,1450205950645392479,1018,0.0005999463610351086,0
2,15,7,SA com Reaquecimento,5821838436407824832,1018,0.000700005330145359,0
2,15,8,Hill Climbing,3282185963414749244,1018,0.0010999501682817936,0
2,15,8,Simulated Annealing,8120581322478271609,1018,0.000600004568696022,0
2,15,8,SA com Reaquecimento,1140624283373499011,1018,0.000700005330145359,0
2,15,9,Hill Climbing,4316366158306368987,1018,0.00100000761449337,0
2,15,9,Simulated Annealing,5398946332810557686,1018,0.000600004568696022,0
2,15,9,SA com Reaquecimento,6723587667784644640,1018,0.000800006091594696,0
2,15,10,Hill Climbing,6043332112922515366,1018,0.00100000761449337,0
2,15,10,Simulated Annealing,3934065208276173254,1018,0.000600004568696022,0
2,15,10,SA com Reaquecimento,6747257893000185679,1018,0.000700005330145359,0
