tamanho_puzzle,quantidade_tabuleiros,execucao,algoritmo,seed,resolvido,movimentos,tempo_ms
3,100,1,Gulosa,518690518400987608,True,56,6.8918950000806944
3,100,1,A*,518690518400987608,True,22,10.164530000110972
3,100,1,IDA*,518690518400987608,True,22,6.206162000125914
3,100,2,Gulosa,996198453166315065,True,61,5.36754499989911
3,100,2,A*,996198453166315065,True,21,6.876077999550034
3,100,2,IDA*,996198453166315065,True,21,4.529697000180022
3,100,3,Gulosa,1116590794428892313,True,56,2.5065139998332597
3,100,3,A*,1116590794428892313,True,24,12.012855000648415
3,100,3,IDA*,1116590794428892313,True,24,15.399838000121235
3,100,4,Gulosa,3019901807789299199,True,51,2.1802669998578494
3,100,4,A*,3019901807789299199,True,21,5.297108000377193
3,100,4,IDA*,3019901807789299199,True,21,5.161950000001525
3,100,5,Gulosa,3704813986545477736,True,30,0.8083409993560053
3,100,5,A*,3704813986545477736,True,20,2.037392000602267
3,100,5,IDA*,3704813986545477736,True,20,2.455926999573421
3,100,6,Gulosa,855341444812533484,True,19,0.21576700055447873
3,100,6,A*,855341444812533484,True,17,0.838998000290303
3,100,6,IDA*,855341444812533484,True,17,0.577437000174541
3,100,7,Gulosa,5814438927093844835,True,24,1.0172499996770057
3,100,7,A*,5814438927093844835,True,22,9.173348000331316
3,100,7,IDA*,5814438927093844835,True,22,16.132171000208473
3,100,8,Gulosa,1435425178771057552,True,30,0.839811000332702
3,100,8,A*,1435425178771057552,True,22,7.160484000451106
3,100,8,IDA*,1435425178771057552,True,22,7.177711999247549
3,100,9,Gulosa,4528055995368511153,True,48,2.148509000107879
3,100,9,A*,4528055995368511153,True,30,196.80586000049516
3,100,9,IDA*,4528055995368511153,True,30,149.79099099946325
3,100,10,Gulosa,7935106873087071952,True,31,1.8832450004993007
3,100,10,A*,7935106873087071952,True,25,44.684430999950564
3,100,10,IDA*,7935106873087071952,True,25,58.07472000014968
3,100,11,Gulosa,9034684902991296586,True,42,2.910234000410128
3,100,11,A*,9034684902991296586,True,20,8.031536000089545
3,100,11,IDA*,9034684902991296586,True,20,16.999059999761812
3,100,12,Gulosa,3277008267641226544,True,41,2.828224000040791
3,100,12,A*,3277008267641226544,True,19,1.8602190002638963
3,100,12,IDA*,3277008267641226544,True,19,1.940912000463868
3,100,13,Gulosa,5075698036762317480,True,11,0.13502799993148074
3,100,13,A*,5075698036762317480,True,11,0.14005899993208004
3,100,13,IDA*,5075698036762317480,True,11,0.10021499929280253
3,100,14,Gulosa,1116219732629072492,True,36,1.048028000695922
3,100,14,A*,1116219732629072492,True,20,3.5878319995390484
3,100,14,IDA*,1116219732629072492,True,20,8.120843000142486
3,100,15,Gulosa,7645343696049113609,True,52,5.641206999825954
3,100,15,A*,7645343696049113609,True,20,9.377210999446106
3,100,15,IDA*,7645343696049113609,True,20,11.736550000023271
3,100,16,Gulosa,3591070861996542392,True,60,5.5820920006226515
3,100,16,A*,3591070861996542392,True,26,29.072858999825257
3,100,16,IDA*,3591070861996542392,True,26,19.05170299960446
3,100,17,Gulosa,4403969291435724735,True,41,2.2444910000558593
3,100,17,A*,4403969291435724735,True,23,17.499073000180942
3,100,17,IDA*,4403969291435724735,True,23,10.970062000524194
3,100,18,Gulosa,7539412232301245231,True,54,3.2380259999627015
3,100,18,A*,7539412232301245231,True,26,41.4544230006868
3,100,18,IDA*,7539412232301245231,True,26,60.63320500015834
3,100,19,Gulosa,6927875268508969406,True,53,4.515394999543787
3,100,19,A*,6927875268508969406,True,27,67.48615400010749
3,100,19,IDA*,6927875268508969406,True,27,130.31124000008276
3,100,20,Gulosa,5415037783381157251,True,40,2.930601999651117
3,100,20,A*,5415037783381157251,True,20,7.3340290000487585
3,100,20,IDA*,5415037783381157251,True,20,6.802820999837422
3,100,21,Gulosa,4326440198513355507,True,34,2.69573900004616
3,100,21,A*,4326440198513355507,True,22,9.864363999440684
3,100,21,IDA*,4326440198513355507,True,22,8.27534900054161
3,100,22,Gulosa,1509158705590696501,True,16,0.5205260004004231
3,100,22,A*,1509158705590696501,True,16,1.3237550001576892
3,100,22,IDA*,1509158705590696501,True,16,1.9799470001089503
3,100,23,Gulosa,94724834607496791,True,52,5.166191000171239
3,100,23,A*,94724834607496791,True,24,24.05840600022202
3,100,23,IDA*,94724834607496791,True,24,29.848434000086854
3,100,24,Gulosa,6062149214993312968,True,16,0.1808480001272983
3,100,24,A*,6062149214993312968,True,16,0.3665140002340195
3,100,24,IDA*,6062149214993312968,True,16,0.3258300002926262
3,100,25,Gulosa,8206388241880207515,True,38,2.7784009998867987
3,100,25,A*,8206388241880207515,True,20,2.8068559995517717
3,100,25,IDA*,8206388241880207515,True,20,3.785509999943315
3,100,26,Gulosa,7443968998731210014,True,20,0.39703700076643145
3,100,26,A*,7443968998731210014,True,20,4.873628000495955
3,100,26,IDA*,7443968998731210014,True,20,5.679939999936323
3,100,27,Gulosa,3411817308744508269,True,73,3.3646199999566306
3,100,27,A*,3411817308744508269,True,25,15.783660000124655
3,100,27,IDA*,3411817308744508269,True,25,16.680292000273766
3,100,28,Gulosa,5638676803374463783,True,59,4.590510000525683
3,100,28,A*,5638676803374463783,True,25,16.730897999877925
3,100,28,IDA*,5638676803374463783,True,25,19.368696000128693
3,100,29,Gulosa,4978968290061685623,True,39,0.5957930006843526
3,100,29,A*,4978968290061685623,True,23,1.2223710000398569
3,100,29,IDA*,4978968290061685623,True,23,0.43939699935435783
3,100,30,Gulosa,232713969215940028,True,51,3.136498000458232
3,100,30,A*,232713969215940028,True,23,14.429326000026776
3,100,30,IDA*,232713969215940028,True,23,30.955118999372644
3,100,31,Gulosa,7904554612566634116,True,44,3.3397170000171172
3,100,31,A*,7904554612566634116,True,22,7.460057000571396
3,100,31,IDA*,7904554612566634116,True,22,11.880377000125009
3,100,32,Gulosa,4735176559377395832,True,64,3.3716210000420688
3,100,32,A*,4735176559377395832,True,28,39.494607000051474
3,100,32,IDA*,4735176559377395832,True,28,25.61458699983632
3,100,33,Gulosa,4437940027693944300,True,31,0.8379689998037065
3,100,33,A*,4437940027693944300,True,19,3.769633999581856
3,100,33,IDA*,4437940027693944300,True,19,6.5078560000984
3,100,34,Gulosa,7092169627063095834,True,24,1.0018829998443834
3,100,34,A*,7092169627063095834,True,18,2.445860999614524
3,100,34,IDA*,7092169627063095834,True,18,2.5189859998135944
3,100,35,Gulosa,3061845316896732233,True,46,2.2008779997122474
3,100,35,A*,3061845316896732233,True,22,10.648946999936015
3,100,35,IDA*,3061845316896732233,True,22,20.48075000038807
3,100,36,Gulosa,4413520890132136165,True,34,2.759831000730628
3,100,36,A*,4413520890132136165,True,22,2.3538999994343612
3,100,36,IDA*,4413520890132136165,True,22,1.141708999966795
3,100,37,Gulosa,9186306437177003078,True,20,0.3201629997420241
3,100,37,A*,9186306437177003078,True,20,3.1206140001813765
3,100,37,IDA*,9186306437177003078,True,20,1.161109999884502
3,100,38,Gulosa,8747994983187952538,True,41,0.9766510002009454
3,100,38,A*,8747994983187952538,True,23,14.72059600018838
3,100,38,IDA*,8747994983187952538,True,23,14.79889100028231
3,100,39,Gulosa,6847905290683041527,True,37,1.5175419994193362
3,100,39,A*,6847905290683041527,True,23,24.993496000206505
3,100,39,IDA*,6847905290683041527,True,23,89.6575920005489
3,100,40,Gulosa,2779081641547251937,True,52,4.60689099963929
3,100,40,A*,2779081641547251937,True,20,2.2490089995699236
3,100,40,IDA*,2779081641547251937,True,20,2.1445069996843813
3,100,41,Gulosa,3025377237955586996,True,34,1.9284330001028138
3,100,41,A*,3025377237955586996,True,20,4.256724000697432
3,100,41,IDA*,3025377237955586996,True,20,5.142289000104938
3,100,42,Gulosa,4274325130144812547,True,28,0.7000060004429542
3,100,42,A*,4274325130144812547,True,20,3.747249000298325
3,100,42,IDA*,4274325130144812547,True,20,5.301821999637468
3,100,43,Gulosa,2097885150470622730,True,34,3.6392170004546642
3,100,43,A*,2097885150470622730,True,22,7.124553000721789
3,100,43,IDA*,2097885150470622730,True,22,7.058860999677563
3,100,44,Gulosa,1644518340567348069,True,41,1.9075889995292528
3,100,44,A*,1644518340567348069,True,19,2.961910000522039
3,100,44,IDA*,1644518340567348069,True,19,3.3132109992948244
3,100,45,Gulosa,7995069846088821573,True,47,3.0945459993745317
3,100,45,A*,7995069846088821573,True,23,35.300899000503705
3,100,45,IDA*,7995069846088821573,True,23,26.33035300004849
3,100,46,Gulosa,4407446366779501302,True,58,2.881694999814499
3,100,46,A*,4407446366779501302,True,26,27.600719000474783
3,100,46,IDA*,4407446366779501302,True,26,44.460813000114285
3,100,47,Gulosa,5773312864811117193,True,33,3.1386950004161918
3,100,47,A*,5773312864811117193,True,21,6.43927100009023
3,100,47,IDA*,5773312864811117193,True,21,9.305816000050982
3,100,48,Gulosa,8691362852411562573,True,49,1.9643750001705484
3,100,48,A*,8691362852411562573,True,21,2.9410420002022875
3,100,48,IDA*,8691362852411562573,True,21,3.3985529998972197
3,100,49,Gulosa,7275613897862004473,True,46,3.4044750000248314
3,100,49,A*,7275613897862004473,True,20,4.428187000485195
3,100,49,IDA*,7275613897862004473,True,20,3.141723000226193
3,100,50,Gulosa,6635667044670212241,True,56,3.3048060004148283
3,100,50,A*,6635667044670212241,True,26,25.70534500046051
3,100,50,IDA*,6635667044670212241,True,26,30.5928159996256
3,100,51,Gulosa,6412674801547681203,True,68,4.877122000834788
3,100,51,A*,6412674801547681203,True,24,15.53056199918501
3,100,51,IDA*,6412674801547681203,True,24,10.211015999630035
3,100,52,Gulosa,749489568085488082,True,55,4.793992000486469
3,100,52,A*,749489568085488082,True,27,47.563038000589586
3,100,52,IDA*,749489568085488082,True,27,36.86705400014034
3,100,53,Gulosa,6212772282825853525,True,24,0.7190630003606202
3,100,53,A*,6212772282825853525,True,14,0.8458419997623423
3,100,53,IDA*,6212772282825853525,True,14,0.7427219998135115
3,100,54,Gulosa,2912209373474480608,True,64,5.362244000025385
3,100,54,A*,2912209373474480608,True,30,154.0378600002441
3,100,54,IDA*,2912209373474480608,True,30,106.92029500023637
3,100,55,Gulosa,7704114109072299987,True,53,3.214072000446322
3,100,55,A*,7704114109072299987,True,21,5.246001000159595
3,100,55,IDA*,7704114109072299987,True,21,4.659784000068612
3,100,56,Gulosa,7670620481122811259,True,58,6.754756000191264
3,100,56,A*,7670620481122811259,True,22,11.674682999910146
3,100,56,IDA*,7670620481122811259,True,22,18.168411000260676
3,100,57,Gulosa,6888278092182136252,True,51,1.8666340001800563
3,100,57,A*,6888278092182136252,True,23,10.161695000533655
3,100,57,IDA*,6888278092182136252,True,23,6.119928999396507
3,100,58,Gulosa,7955071370468841084,True,63,5.525214000044798
3,100,58,A*,7955071370468841084,True,23,18.283995000274444
3,100,58,IDA*,7955071370468841084,True,23,27.54314899993915
3,100,59,Gulosa,3944230142523223413,True,61,4.620887000783114
3,100,59,A*,3944230142523223413,True,23,8.382730000448646
3,100,59,IDA*,3944230142523223413,True,23,4.562946999612905
3,100,60,Gulosa,5752434410281351181,True,38,2.63634600014484
3,100,60,A*,5752434410281351181,True,24,17.495396000413166
3,100,60,IDA*,5752434410281351181,True,24,11.400921000131348
3,100,61,Gulosa,777089212756889214,True,41,2.6851570000872016
3,100,61,A*,777089212756889214,True,19,4.78265099991404
3,100,61,IDA*,777089212756889214,True,19,10.194092999881832
3,100,62,Gulosa,8467649248826540660,True,40,0.9242320002158522
3,100,62,A*,8467649248826540660,True,18,1.3729729998885887
3,100,62,IDA*,8467649248826540660,True,18,1.2126020001232973
3,100,63,Gulosa,2818079061461967863,True,60,3.259946000071068
3,100,63,A*,2818079061461967863,True,26,51.14474000038172
3,100,63,IDA*,2818079061461967863,True,26,46.14104000029329
3,100,64,Gulosa,7763079646706222941,True,36,3.0054210001253523
3,100,64,A*,7763079646706222941,True,20,6.204741999681573
3,100,64,IDA*,7763079646706222941,True,20,4.907139999886567
3,100,65,Gulosa,127515680560345170,True,36,0.9770130000106292
3,100,65,A*,127515680560345170,True,24,8.888172000297345
3,100,65,IDA*,127515680560345170,True,24,11.259926000093401
3,100,66,Gulosa,3195044384113785565,True,57,4.543348999504815
3,100,66,A*,3195044384113785565,True,23,13.407256999926176
3,100,66,IDA*,3195044384113785565,True,23,27.13373899950966
3,100,67,Gulosa,8609460198522283071,True,23,0.266994999947201
3,100,67,A*,8609460198522283071,True,17,0.5657470001096954
3,100,67,IDA*,8609460198522283071,True,17,0.2923720003309427
3,100,68,Gulosa,1835444650705820967,True,19,0.6136659994808724
3,100,68,A*,1835444650705820967,True,17,1.9833269998343894
3,100,68,IDA*,1835444650705820967,True,17,3.5119319991281372
3,100,69,Gulosa,6514335990406565446,True,60,3.544862000126159
3,100,69,A*,6514335990406565446,True,28,100.90496199973131
3,100,69,IDA*,6514335990406565446,True,28,159.96174900010374
3,100,70,Gulosa,7991674571578867761,True,26,2.213048000157869
3,100,70,A*,7991674571578867761,True,20,2.8371769994919305
3,100,70,IDA*,7991674571578867761,True,20,4.639280999981565
3,100,71,Gulosa,3124483626650770855,True,46,3.604862999964098
3,100,71,A*,3124483626650770855,True,22,3.6704079993796768
3,100,71,IDA*,3124483626650770855,True,22,3.837681999357301
3,100,72,Gulosa,5700160055184354330,True,42,2.8342590003376245
3,100,72,A*,5700160055184354330,True,18,3.0301800006782287
3,100,72,IDA*,5700160055184354330,True,18,5.802960999972129
3,100,73,Gulosa,4009002191240910800,True,85,6.229816999621107
3,100,73,A*,4009002191240910800,True,23,5.087250000542554
3,100,73,IDA*,4009002191240910800,True,23,1.9274820006103255
3,100,74,Gulosa,6935306671492265492,True,50,4.517217999818968
3,100,74,A*,6935306671492265492,True,20,3.868542000418529
3,100,74,IDA*,6935306671492265492,True,20,6.35559700003796
3,100,75,Gulosa,3668770082766097494,True,50,3.3276369995292043
3,100,75,A*,3668770082766097494,True,24,22.69361399976333
3,100,75,IDA*,3668770082766097494,True,24,27.281395000500197
3,100,76,Gulosa,8353338884268509011,True,50,1.1138660001961398
3,100,76,A*,8353338884268509011,True,22,8.964628000285302
3,100,76,IDA*,8353338884268509011,True,22,7.089523000104236
3,100,77,Gulosa,5099929111293300780,True,55,2.6504689994908404
3,100,77,A*,5099929111293300780,True,21,4.577518000587588
3,100,77,IDA*,5099929111293300780,True,21,3.2843600001797313
3,100,78,Gulosa,5241723656427902497,True,36,1.727009000205726
3,100,78,A*,5241723656427902497,True,22,8.282173999759834
3,100,78,IDA*,5241723656427902497,True,22,12.862339000093925
3,100,79,Gulosa,3401864403431249791,True,29,1.7649990004429128
3,100,79,A*,3401864403431249791,True,15,1.1310809995848103
3,100,79,IDA*,3401864403431249791,True,15,0.6727340005454607
3,100,80,Gulosa,8603003783560750758,True,36,1.5752660001453478
3,100,80,A*,8603003783560750758,True,16,0.7769189996906789
3,100,80,IDA*,8603003783560750758,True,16,0.8817419993647491
3,100,81,Gulosa,3821531223583065454,True,44,1.004619999548595
3,100,81,A*,3821531223583065454,True,22,6.772349000129907
3,100,81,IDA*,3821531223583065454,True,22,5.446293999739282
3,100,82,Gulosa,8038992491140839242,True,36,2.7987950006718165
3,100,82,A*,8038992491140839242,True,20,4.1117390001090826
3,100,82,IDA*,8038992491140839242,True,20,6.4991939998435555
3,100,83,Gulosa,255572498240268803,True,24,1.2789590000465978
3,100,83,A*,255572498240268803,True,24,10.083638999276445
3,100,83,IDA*,255572498240268803,True,24,19.784905999586044
3,100,84,Gulosa,1722361519441858167,True,32,0.713790999725461
3,100,84,A*,1722361519441858167,True,18,2.534659000048123
3,100,84,IDA*,1722361519441858167,True,18,2.1706930001528235
3,100,85,Gulosa,3571563789978420509,True,36,1.3224480007920647
3,100,85,A*,3571563789978420509,True,24,27.040453999688907
3,100,85,IDA*,3571563789978420509,True,24,32.51174000070023
3,100,86,Gulosa,1876712399269291854,True,50,1.860944999862113
3,100,86,A*,1876712399269291854,True,26,32.17004399994039
3,100,86,IDA*,1876712399269291854,True,26,38.51823799959675
3,100,87,Gulosa,5477070992587559706,True,16,1.1210069997105165
3,100,87,A*,5477070992587559706,True,16,1.0502000004635192
3,100,87,IDA*,5477070992587559706,True,16,1.4094120006120647
3,100,88,Gulosa,5648553167415842209,True,62,4.7134280002865125
3,100,88,A*,5648553167415842209,True,24,20.460034999814525
3,100,88,IDA*,5648553167415842209,True,24,19.600937999712187
3,100,89,Gulosa,3190320604559020933,True,21,1.1781740004153107
3,100,89,A*,3190320604559020933,True,21,7.173907999458606
3,100,89,IDA*,3190320604559020933,True,21,7.82174199957808
3,100,90,Gulosa,4395931667098359874,True,39,1.9294319999971776
3,100,90,A*,4395931667098359874,True,23,9.877776999928756
3,100,90,IDA*,4395931667098359874,True,23,19.007504000001063
3,100,91,Gulosa,5044467656240302684,True,18,1.190397999380366
3,100,91,A*,5044467656240302684,True,18,2.6506280000830884
3,100,91,IDA*,5044467656240302684,True,18,3.079801000239968
3,100,92,Gulosa,4025563765996142184,True,36,2.8140639997218386
3,100,92,A*,4025563765996142184,True,24,25.37473600023077
3,100,92,IDA*,4025563765996142184,True,24,26.615570000103617
3,100,93,Gulosa,8396356506513398774,True,7,0.10432199997012503
3,100,93,A*,8396356506513398774,True,7,0.07877400003053481
3,100,93,IDA*,8396356506513398774,True,7,0.06257600034587085
3,100,94,Gulosa,7362321741153970820,True,63,3.3545389997016173
3,100,94,A*,7362321741153970820,True,23,12.497667999923578
3,100,94,IDA*,7362321741153970820,True,23,11.612531000537274
3,100,95,Gulosa,1087345225247494479,True,58,4.7048860005816096
3,100,95,A*,1087345225247494479,True,16,0.5735920003644424
3,100,95,IDA*,1087345225247494479,True,16,0.5880819999219966
3,100,96,Gulosa,5999241935176485643,True,52,2.568269000221335
3,100,96,A*,5999241935176485643,True,24,24.0576489995874
3,100,96,IDA*,5999241935176485643,True,24,46.55209399970772
3,100,97,Gulosa,1988735592055603213,True,46,2.8200910001032753
3,100,97,A*,1988735592055603213,True,18,0.7578400000056718
3,100,97,IDA*,1988735592055603213,True,18,0.2583739997135126
3,100,98,Gulosa,3851710456749139144,True,40,4.547591999653378
3,100,98,A*,3851710456749139144,True,20,6.269415000133449
3,100,98,IDA*,3851710456749139144,True,20,10.645853999449173
3,100,99,Gulosa,34658753827476481,True,63,4.555693999463983
3,100,99,A*,34658753827476481,True,25,23.41731299929961
3,100,99,IDA*,34658753827476481,True,25,26.092861000506673
3,100,100,Gulosa,3227288036009991882,True,53,3.596350999941933
3,100,100,A*,3227288036009991882,True,25,26.806126000337827
3,100,100,IDA*,3227288036009991882,True,25,28.205773000081535
4,1,1,Gulosa,6620553565770688936,True,202,75.82033800008503
4,1,1,A*,6620553565770688936,True,54,473391.96099799935
4,1,1,IDA*,6620553565770688936,True,54,898594.4741370004
4,1,1,Gulosa,6348426467327069141,True,94,13.715244999730203
4,1,1,A*,6348426467327069141,True,48,90184.13005700041
4,1,1,IDA*,6348426467327069141,True,48,71434.46806300017
4,1,1,Gulosa,4295414314733270710,True,164,91.48242799983564
4,1,1,A*,4295414314733270710,True,52,265561.71577199985
4,1,1,IDA*,4295414314733270710,True,52,282662.1601300003
4,1,1,Gulosa,1251202521342705265,True,183,87.15943999959563
4,1,1,A*,1251202521342705265,True,53,178672.97138700087
4,1,1,IDA*,1251202521342705265,True,53,644975.3929979997
4,1,1,Gulosa,3747737059530237186,True,145,53.97281700061285
4,1,1,A*,3747737059530237186,True,55,535162.0441309988
4,1,1,IDA*,3747737059530237186,True,55,516888.70197399956
